id,exper1,married1,female1,union1,educ1,blcak1,lwage1,exper2,married2,female2,union2,educ2,blcak2,lwage2,exper3,married3,female3,union3,educ3,blcak3,lwage3,exper4,married4,female4,union4,educ4,blcak4,lwage4
1,3,1,0,0,9,0,5.56068,4,1,0,0,9,0,5.72031,5,1,0,0,9,0,5.99645,6,1,0,0,9,0,5.99645
2,30,1,0,0,11,0,6.16331,31,1,0,0,11,0,6.21461,32,1,0,1,11,0,6.2634,33,1,0,0,11,0,6.54391
3,6,1,0,1,12,0,5.65249,7,1,0,1,12,0,6.43615,8,1,0,1,12,0,6.54822,9,1,0,1,12,0,6.60259
4,31,0,1,0,10,1,6.15698,32,0,1,0,10,1,6.23832,33,0,1,0,10,1,6.30079,34,0,1,0,10,1,6.35957
5,10,1,0,1,16,0,6.43775,11,1,0,1,16,0,6.62007,12,1,0,1,16,0,6.63332,13,1,0,0,16,0,6.98286
6,26,1,0,0,12,0,6.90575,27,1,0,0,12,0,6.90575,28,1,0,0,12,0,6.90776,29,1,0,0,12,0,7.00307
7,15,1,0,1,12,0,6.1334,16,1,0,1,12,0,6.17379,17,1,0,1,12,0,6.21261,18,1,0,1,12,0,6.31355
8,23,1,0,1,10,0,6.3315,24,1,0,1,10,0,6.40357,25,1,0,1,10,0,6.54391,26,1,0,1,10,0,6.56244
9,3,1,0,0,16,0,6.55108,4,1,0,0,16,0,6.55108,5,1,0,0,16,0,6.80239,6,1,0,0,16,0,6.90776
10,3,1,0,0,16,0,6.39693,4,1,0,0,16,0,6.43775,5,1,0,0,16,0,6.43775,6,1,0,0,16,0,6.43775
11,24,0,0,1,12,0,6.65801,25,0,0,1,12,0,6.72623,26,0,0,1,12,0,6.80239,27,1,0,1,12,0,6.90776
12,21,1,0,1,12,0,6.55108,22,1,0,1,12,0,6.62936,23,1,0,1,12,0,6.72263,24,1,0,1,12,0,6.7334
13,26,1,0,0,12,0,6.90575,27,1,0,0,12,0,6.90073,28,1,0,0,12,0,7.17012,29,1,0,0,12,0,7.26543
14,15,1,0,0,17,0,6.80239,16,1,0,0,17,0,6.80239,17,1,0,0,17,0,6.9256,18,1,0,0,17,0,7.00307
15,9,0,1,0,14,0,5.94017,10,0,1,0,14,0,5.86079,11,0,1,0,14,0,5.99894,12,0,1,0,14,0,6.0845
16,16,0,1,0,12,1,5.97889,17,0,1,0,12,1,5.78383,18,0,1,0,12,1,5.85793,19,0,1,0,12,1,5.95324
17,16,1,0,0,14,0,6.62007,17,1,0,0,14,0,6.49224,18,1,0,0,14,0,6.77992,19,1,0,0,14,0,6.74524
18,25,1,0,0,16,0,6.90575,26,1,0,0,16,0,6.90575,27,1,0,0,16,0,7.6009,28,1,0,0,16,0,7.64969
19,40,1,0,1,12,0,6.38688,41,1,0,1,12,0,6.47389,42,1,0,1,12,0,6.54247,43,1,0,1,12,0,6.67582
20,25,1,0,0,16,0,6.78333,26,1,0,0,16,0,6.85751,27,1,0,0,16,0,6.98472,28,1,0,0,16,0,7.0579
21,28,1,0,1,4,0,6.05912,29,1,0,1,4,0,6.05209,30,1,0,1,4,0,5.99146,31,1,0,1,4,0,6.21461
22,20,1,0,0,14,0,6.59987,21,1,0,0,14,0,6.59987,22,1,0,0,14,0,6.68461,23,1,0,0,14,0,6.72743
23,11,1,0,0,16,0,6.90575,12,1,0,0,16,0,6.90575,13,1,0,0,16,0,7.49554,14,1,0,0,16,0,7.66153
24,5,0,1,0,12,0,5.43808,6,0,1,0,12,0,5.52146,7,0,1,0,12,0,5.57973,8,0,1,0,12,0,5.66988
25,8,1,0,1,17,0,6.52942,9,1,0,1,17,0,6.57925,10,1,0,1,17,0,6.71538,11,1,0,1,17,0,6.68461
26,14,1,0,0,15,0,6.47697,15,1,0,0,15,0,6.55108,16,1,0,0,15,0,6.86693,17,1,0,0,15,0,6.85646
27,8,0,0,0,16,0,6.01616,9,0,0,0,16,0,6.90575,10,0,0,0,16,0,7.04752,11,0,0,0,16,0,7.26193
28,26,1,0,0,12,0,6.7334,27,1,0,0,12,0,6.69703,28,1,0,0,12,0,6.68461,29,1,0,0,12,0,6.74524
29,31,1,0,0,14,0,6.90575,32,1,0,0,14,0,6.90575,33,1,0,0,14,0,7.06219,34,1,0,0,14,0,7.57558
30,17,0,1,0,12,0,6.19644,18,0,1,0,12,0,6.29895,19,0,1,0,12,0,6.3315,20,0,1,0,12,0,6.36303
31,22,1,0,0,17,0,6.90575,23,1,0,0,17,0,6.90575,24,1,0,0,17,0,7.31322,25,1,0,0,17,0,7.24423
32,30,1,0,0,16,0,6.90575,31,1,0,0,16,0,6.90575,32,1,0,0,16,0,7.46737,33,1,0,0,16,0,7.40853
33,14,1,0,0,16,0,6.90575,15,1,0,0,16,0,6.90575,16,1,0,0,16,0,7.17012,17,1,0,0,16,0,7.27932
34,45,1,0,0,8,0,5.7589,46,1,0,0,8,0,5.86079,47,1,0,0,8,0,5.82305,48,1,0,0,8,0,5.94803
35,8,1,0,1,13,1,6.51471,9,1,0,1,13,1,6.6107,10,1,0,1,13,1,6.39693,11,1,0,1,13,1,6.75227
36,15,1,0,0,10,0,6.62007,16,1,0,0,10,0,6.77422,17,1,0,0,10,0,7.1309,18,1,0,0,10,0,7.08841
37,12,1,0,0,14,0,6.90575,13,1,0,0,14,0,6.7417,14,1,0,0,14,0,7.00307,15,1,0,0,14,0,7.1309
38,10,1,0,1,12,0,6.05209,11,1,0,1,12,0,6.05209,12,1,0,1,12,0,6.05209,13,1,0,1,12,0,6.36819
39,6,1,0,0,13,0,6.47697,7,0,0,0,13,0,6.58617,8,0,0,0,13,0,6.47697,9,0,0,0,13,0,6.52942
40,30,1,0,1,8,0,6.35784,31,1,0,1,8,0,6.49979,32,1,0,1,8,0,6.58203,33,1,0,1,8,0,6.69456
41,20,1,0,0,16,0,6.90575,21,1,0,0,16,0,6.90575,22,1,0,0,16,0,7.37776,23,1,0,0,16,0,7.49109
42,30,0,1,1,12,1,6.2186,31,0,1,1,12,1,6.49375,32,0,1,1,12,1,6.58064,33,0,1,1,12,1,6.6896
43,5,1,0,0,16,0,6.68461,6,1,0,0,16,0,6.84375,7,1,0,0,16,0,6.90776,8,1,0,0,16,0,7.00307
44,7,1,0,0,17,0,6.90575,8,1,0,0,17,0,6.90575,9,1,0,0,17,0,7.20786,10,1,0,0,17,0,7.31322
45,13,0,1,0,13,0,6.22456,14,0,1,0,13,0,6.33328,15,0,1,0,13,0,6.30992,16,0,1,0,13,0,6.47697
46,6,1,0,1,12,0,6.12687,7,1,0,1,12,0,6.23245,8,1,0,1,12,0,6.32615,9,1,0,1,12,0,6.32436
47,26,1,0,0,14,0,6.90575,27,1,0,0,14,0,6.90575,28,1,0,0,14,0,7.04752,29,1,0,0,14,0,7.09008
48,26,0,0,0,16,0,6.90575,27,0,0,0,16,0,6.90575,28,0,0,0,16,0,7.1309,29,0,0,0,16,0,7.22621
49,31,1,0,0,16,0,6.90575,32,1,0,0,16,0,6.90575,33,1,0,0,16,0,7.6009,34,1,0,0,16,0,7.67601
50,31,0,1,1,12,0,6.27099,32,0,1,1,12,0,6.39859,33,0,1,1,12,0,6.48311,34,0,1,1,12,0,6.55678
51,31,1,0,0,17,0,6.90575,32,1,0,0,17,0,6.90575,33,1,0,0,17,0,7.6009,34,1,0,0,17,0,7.64969
52,25,1,0,0,16,0,6.90575,26,1,0,0,16,0,6.90575,27,1,0,0,16,0,7.24423,28,1,0,0,16,0,7.1309
53,13,1,0,0,13,0,6.43615,14,1,0,0,13,0,6.90575,15,1,0,0,13,0,6.95655,16,1,0,0,13,0,6.95655
54,13,1,0,1,11,0,6.51175,14,1,0,1,11,0,6.5903,15,1,0,1,11,0,6.68461,16,1,0,1,11,0,6.74524
55,32,1,0,1,8,0,6.65415,33,1,0,1,8,0,6.85013,34,1,0,1,8,0,6.85646,35,1,0,1,8,0,6.92363
56,23,1,0,0,12,0,6.10925,24,1,0,0,12,0,6.16331,25,1,0,0,12,0,6.33328,26,1,0,0,12,0,6.33328
57,21,1,0,0,11,0,6.04025,22,1,0,0,11,0,6.28972,23,1,0,0,11,0,6.01616,24,1,0,0,11,0,6.57786
58,37,1,0,1,14,0,6.55108,38,1,0,1,14,0,6.68461,39,1,0,1,14,0,6.69703,40,1,0,0,14,0,6.90776
59,26,1,0,0,17,0,6.90575,27,1,0,0,17,0,6.90575,28,1,0,0,17,0,7.34601,29,1,0,0,17,0,7.43838
60,18,0,1,1,11,1,5.97635,19,0,1,1,11,1,6.04025,20,0,1,1,11,1,6.04025,21,0,1,1,11,1,6.04025
61,24,0,1,1,17,0,6.78559,25,0,1,0,17,0,6.88857,26,0,1,0,17,0,6.88755,27,0,1,0,17,0,6.96885
62,7,1,0,0,16,0,6.58064,8,1,0,0,16,0,6.83518,9,1,0,0,16,0,6.91274,10,1,0,0,16,0,6.95845
63,11,1,0,0,17,0,6.90575,12,1,0,0,17,0,6.90575,13,1,0,0,17,0,7.49554,14,1,0,0,17,0,7.54961
64,34,1,0,0,12,0,6.35611,35,1,0,0,12,0,6.42162,36,1,0,0,12,0,6.47697,37,1,0,0,12,0,6.53669
65,30,1,0,1,8,0,6.55536,31,1,0,1,8,0,6.62274,32,1,0,1,8,0,6.72263,33,1,0,1,8,0,6.77992
66,20,1,0,0,8,0,6.3081,21,1,0,0,8,0,6.39693,22,1,0,0,8,0,6.51767,23,1,0,0,8,0,6.6107
67,28,1,0,0,12,0,5.96615,29,1,0,0,12,0,6.02828,30,1,0,0,12,0,6.15273,31,1,0,0,12,0,6.21461
68,34,1,0,1,12,0,6.45834,35,1,0,1,12,0,6.50728,36,1,0,1,12,0,6.56808,37,1,0,1,12,0,6.66823
69,27,1,0,0,13,0,6.40523,28,1,0,0,13,0,6.55678,29,1,0,0,13,0,6.62007,30,1,0,0,13,0,6.62007
70,8,1,0,0,16,0,6.47697,9,1,0,0,16,0,6.47697,10,1,0,0,16,0,6.62007,11,1,0,0,16,0,6.80239
71,7,0,0,0,16,0,6.69703,8,0,0,0,16,0,6.80239,9,0,0,0,16,0,6.8977,10,0,0,0,16,0,6.95655
72,11,1,0,1,17,0,6.47697,12,1,0,1,17,0,6.62007,13,1,0,1,17,0,6.62007,14,1,0,1,17,0,6.68461
73,13,1,0,1,16,0,6.46147,14,1,0,1,16,0,6.65544,15,1,0,1,16,0,6.73459,16,1,0,1,16,0,6.81344
74,3,0,0,0,13,0,5.4161,4,0,0,0,13,0,5.52146,5,0,0,0,13,0,5.59842,6,0,0,0,13,0,5.70378
75,23,1,0,0,8,1,5.66988,24,1,0,0,8,1,5.99146,25,1,0,0,8,1,6.08677,26,1,0,0,8,1,6.17379
76,9,1,0,0,13,0,5.16479,10,1,0,0,13,0,5.62762,11,1,0,0,13,0,5.84354,12,1,0,0,13,0,5.96101
77,10,1,0,0,10,0,5.52146,11,1,0,0,10,0,5.70378,12,1,0,0,10,0,6.20456,13,1,0,0,10,0,6.05912
78,37,1,0,0,12,0,5.70378,38,0,0,0,12,0,5.78383,39,0,0,0,12,0,5.78383,40,0,0,0,12,0,6.16331
79,10,0,1,0,8,0,5.42935,11,0,1,0,8,0,5.47227,12,0,1,0,8,0,5.64545,13,0,1,0,8,0,5.68698
80,5,1,0,0,17,0,6.74524,6,1,0,0,17,0,6.81674,7,1,0,0,17,0,6.65929,8,1,0,0,17,0,7.09008
81,6,1,0,1,16,0,6.35437,7,1,0,1,16,0,6.33683,8,1,0,1,16,0,6.43775,9,1,0,1,16,0,6.39693
82,22,1,0,1,12,0,6.62007,23,1,0,1,12,0,6.66568,24,1,0,1,12,0,6.81454,25,1,0,1,12,0,6.88857
83,12,0,0,1,12,0,6.12249,13,0,0,1,12,0,6.08904,14,0,0,1,12,0,6.29157,15,0,0,1,12,0,6.39693
84,38,1,0,0,17,1,6.58617,39,1,0,0,17,1,6.62007,40,1,0,0,17,1,6.62007,41,1,0,0,17,1,6.40192
85,15,1,0,1,7,0,6.16331,16,1,0,1,7,0,6.22654,17,1,0,1,7,0,6.32077,18,0,0,1,7,0,6.4552
86,3,0,1,0,12,0,6.21461,4,0,1,0,12,0,6.71538,5,0,1,0,12,0,6.43775,6,0,1,0,12,0,6.65673
87,12,1,0,1,14,0,6.54247,13,1,0,1,14,0,6.60259,14,1,0,1,14,0,6.74641,15,1,0,1,14,0,6.86485
88,5,1,0,0,15,0,6.3699,6,1,0,0,15,0,6.39693,7,1,0,0,15,0,6.55962,8,1,0,0,15,0,6.73102
89,11,1,0,0,12,1,6.05209,12,1,0,0,12,1,6.02345,13,1,0,0,12,1,6.30992,14,1,0,0,12,1,6.38012
90,1,0,1,0,12,0,6.21461,2,0,1,0,12,0,6.21461,3,0,1,0,12,0,6.30992,4,0,1,0,12,0,6.39693
91,10,1,0,1,7,0,6.34388,11,1,0,1,7,0,6.41346,12,1,0,1,7,0,6.72743,13,1,0,1,7,0,6.76504
92,5,1,0,1,14,0,6.47697,6,1,0,1,14,0,6.58617,7,1,0,1,14,0,6.7334,8,1,0,1,14,0,6.81344
93,33,1,0,1,7,0,5.99146,34,1,0,0,7,0,6.17794,35,1,0,0,7,0,6.17794,36,1,0,1,7,0,6.39693
94,11,1,0,1,17,0,6.79122,12,1,0,1,17,0,6.84588,13,1,0,1,17,0,6.87213,14,1,0,1,17,0,6.95655
95,37,1,0,1,8,0,6.28413,38,1,0,1,8,0,6.32794,39,1,0,1,8,0,6.47697,40,1,0,1,8,0,6.50429
96,29,1,0,0,16,0,6.90575,30,1,0,0,16,0,6.90575,31,1,0,0,16,0,7.34601,32,1,0,0,16,0,7.20786
97,30,1,0,0,11,0,6.10925,31,1,0,0,11,0,6.22654,32,1,0,0,11,0,6.31355,33,1,0,0,11,0,6.41999
98,16,1,0,0,17,0,6.72743,17,1,0,0,17,0,6.8977,18,1,0,0,17,0,6.98379,19,1,0,0,17,0,7.07918
99,12,0,0,0,12,0,5.78074,13,0,0,0,12,0,5.826,14,0,0,0,12,0,5.84644,15,0,0,0,12,0,5.95584
100,8,1,0,0,11,0,5.99146,9,1,0,0,11,0,6.10925,10,1,0,0,11,0,6.39693,11,1,0,0,11,0,6.39693
101,29,1,0,0,14,0,6.69703,30,1,0,0,14,0,6.79682,31,1,0,0,14,0,6.89467,32,1,0,0,14,0,6.96885
102,3,0,0,0,17,0,6.68461,4,0,0,0,17,0,6.80239,5,0,0,0,17,0,6.90776,6,0,0,0,17,0,7.04752
103,14,1,0,0,16,0,6.30992,15,1,0,0,16,0,6.58617,16,1,0,0,16,0,6.62007,17,1,0,0,16,0,6.90776
104,17,0,0,0,7,0,5.73657,18,0,0,0,7,0,5.81413,19,0,0,0,7,0,5.8999,20,0,0,0,7,0,5.94017
105,11,0,0,0,14,0,6.67203,12,0,0,0,14,0,6.84268,13,0,0,0,14,0,6.84055,14,0,0,0,14,0,6.85646
106,6,1,0,0,12,0,6.36303,7,1,0,0,12,0,6.47697,8,1,0,0,12,0,6.57228,9,1,0,0,12,0,6.65929
107,31,1,0,0,12,0,6.90575,32,1,0,0,12,0,6.90575,33,1,0,0,12,0,7.1309,34,1,0,0,12,0,7.1309
108,15,1,0,1,12,0,6.24611,16,1,0,0,12,0,6.21461,17,1,0,1,12,0,6.47697,18,1,0,1,12,0,6.49677
109,25,1,0,1,12,0,6.74524,26,1,0,0,12,0,6.81344,27,1,0,0,12,0,6.87213,28,1,0,0,12,0,7.10661
110,37,1,0,1,12,0,6.50728,38,1,0,1,12,0,6.55108,39,1,0,1,12,0,6.8773,40,1,0,1,12,0,6.55108
111,6,0,0,0,13,0,6.10925,7,0,0,0,13,0,6.31355,8,0,0,0,13,0,6.45362,9,0,0,0,13,0,6.68461
112,19,0,0,0,13,0,6.90575,20,0,0,0,13,0,6.90575,21,0,0,0,13,0,7.1107,22,0,0,0,13,0,7.25134
113,27,1,0,0,17,0,6.90575,28,1,0,0,17,0,6.90575,29,1,0,0,17,0,7.17012,30,1,0,0,17,0,7.4553
114,29,1,0,0,17,0,6.28972,30,1,0,0,17,0,6.3613,31,1,0,0,17,0,6.43615,32,1,0,0,17,0,6.43455
115,14,1,0,0,12,0,6.69456,15,1,0,0,12,0,6.76849,16,1,0,0,12,0,6.90776,17,1,0,0,12,0,7.03966
116,14,1,0,1,14,0,6.74052,15,1,0,1,14,0,6.82979,16,1,0,1,14,0,6.80239,17,1,0,1,14,0,6.94698
117,14,0,1,0,17,0,6.57925,15,0,1,1,17,0,6.39693,16,0,1,1,17,0,6.62007,17,0,1,1,17,0,6.7093
118,25,1,0,1,9,0,6.58617,26,1,0,1,9,0,6.68461,27,1,0,1,9,0,6.71538,28,1,0,1,9,0,6.77422
119,16,1,0,0,17,0,6.90575,17,1,0,0,17,0,6.90575,18,1,0,0,17,0,8.08641,19,1,0,0,17,0,8.22951
120,14,1,0,0,12,0,6.24417,15,1,0,0,12,0,6.39693,16,1,0,0,12,0,6.90776,17,1,0,0,12,0,6.90776
121,13,1,0,0,16,0,6.90575,14,1,0,0,16,0,6.90575,15,0,0,0,16,0,7.46737,16,0,0,0,16,0,7.52294
122,15,1,0,1,12,0,6.62007,16,1,0,1,12,0,6.71417,17,1,0,1,12,0,6.81892,18,1,0,1,12,0,6.97635
123,27,1,0,1,8,0,6.30992,28,1,0,1,8,0,6.55108,29,1,0,1,8,0,6.56526,30,1,0,1,8,0,6.74524
124,28,1,0,0,16,0,6.8977,29,1,0,0,16,0,6.90575,30,1,0,0,16,0,7.17012,31,1,0,0,16,0,7.31322
125,14,1,0,1,12,0,6.22059,15,1,0,1,12,0,6.30079,16,1,0,1,12,0,6.37673,17,1,0,1,12,0,6.50129
126,3,1,0,0,12,0,6.41673,4,1,0,0,12,0,6.4892,5,1,0,0,12,0,6.6174,6,1,0,0,12,0,6.70564
127,28,1,0,1,14,0,6.83518,29,1,0,1,14,0,6.90575,30,1,0,1,14,0,7.08171,31,1,0,1,14,0,7.09838
128,27,1,0,0,12,0,5.52146,28,1,0,0,12,0,5.89715,29,1,0,1,12,0,6.35611,30,1,0,1,12,0,6.47697
129,31,1,0,1,8,0,6.07074,32,1,0,1,8,0,6.12687,33,1,0,1,8,0,6.21461,34,1,0,1,8,0,6.27288
130,31,1,0,1,8,0,6.48311,32,1,0,1,8,0,6.52503,33,1,0,1,8,0,6.608,34,1,0,1,8,0,6.71538
131,30,1,0,1,8,0,6.48311,31,1,0,1,8,0,6.55393,32,1,0,1,8,0,6.59987,33,1,0,1,8,0,6.7093
132,21,1,0,0,17,0,6.90575,22,1,0,0,17,0,6.90575,23,1,0,0,17,0,7.43838,24,1,0,0,17,0,7.49554
133,19,1,0,1,12,1,6.32794,20,1,0,1,12,1,6.47697,21,1,0,1,12,1,6.58617,22,1,0,1,12,1,6.68461
134,4,0,0,1,12,0,5.72031,5,0,0,1,12,0,5.95842,6,0,0,1,12,0,6.02102,7,0,0,1,12,0,6.21461
135,15,1,0,0,12,0,6.65286,16,1,0,0,12,0,6.77422,17,1,0,0,12,0,7.09008,18,1,0,0,12,0,6.90776
136,20,1,0,0,13,0,6.90575,21,1,0,0,13,0,6.57925,22,1,0,0,13,0,7.18311,23,1,0,0,13,0,7.31322
137,23,1,0,0,11,0,6.63726,24,1,0,0,11,0,6.78559,25,1,0,0,11,0,6.91274,26,1,0,0,11,0,6.98286
138,23,1,0,0,16,0,6.90575,24,1,0,0,16,0,6.90575,25,1,0,0,16,0,7.46737,26,1,0,0,16,0,7.50384
139,4,0,0,0,16,0,6.43775,5,0,0,0,16,0,6.62007,6,0,0,0,16,0,6.62007,7,0,0,0,16,0,6.77422
140,10,1,0,1,9,0,6.23048,11,1,0,1,9,0,6.33328,12,1,0,1,9,0,6.36475,13,1,0,1,9,0,6.45047
141,15,1,0,0,8,0,5.8861,16,1,0,0,8,0,5.78383,17,1,0,0,8,0,5.99146,18,1,0,0,8,0,6.10925
142,35,1,0,0,16,0,6.72143,36,1,0,0,16,0,6.68085,37,1,0,0,16,0,6.72623,38,1,0,0,16,0,6.8773
143,34,1,0,0,12,0,6.37161,35,1,0,0,12,0,6.47697,36,1,0,0,12,0,6.58617,37,1,0,0,12,0,6.68461
144,7,1,0,0,14,0,6.23048,8,1,0,0,14,0,6.30992,9,1,0,0,14,0,6.39693,10,1,0,0,14,0,6.62007
145,19,1,0,0,16,0,6.77422,20,1,0,0,16,0,6.90575,21,1,0,0,16,0,7.31322,22,1,0,0,16,0,7.49554
146,36,1,0,0,15,0,6.90575,37,1,0,0,15,0,6.90575,38,1,0,0,15,0,7.1309,39,1,0,0,15,0,7.17012
147,12,1,0,0,12,0,6.47697,13,1,0,0,12,0,6.61338,14,1,0,0,12,0,6.72143,15,1,0,0,12,0,7.00307
148,4,1,0,0,14,0,5.75257,5,1,0,0,14,0,5.75257,6,1,0,0,14,0,6.23441,7,1,0,0,14,0,6.47697
149,6,1,0,1,16,0,6.53669,7,1,0,1,16,0,6.84162,8,1,0,1,16,0,6.68461,9,0,0,1,16,0,6.84055
150,16,1,0,1,12,0,6.27099,17,1,0,1,12,0,6.53959,18,1,0,1,12,0,6.56667,19,1,0,1,12,0,6.59578
151,20,1,0,0,16,0,6.30992,21,1,0,0,16,0,6.43294,22,1,0,0,16,0,6.48158,23,1,0,0,16,0,6.60665
152,4,1,0,0,8,1,5.4161,5,1,0,0,8,1,5.45959,6,1,0,0,8,1,5.45959,7,0,0,0,8,1,5.57973
153,13,1,0,0,12,0,6.22456,14,1,0,0,12,0,6.30992,15,1,0,0,12,0,6.30992,16,1,0,0,12,0,6.38519
154,12,0,0,0,17,0,6.74524,13,0,0,0,17,0,6.72743,14,0,0,0,17,0,6.88244,15,1,0,0,17,0,6.92756
155,3,1,0,0,16,0,6.52209,4,1,0,0,16,0,6.68461,5,1,0,0,16,0,6.80239,6,1,0,0,16,0,7.00307
156,33,1,0,0,13,0,6.65286,34,1,0,0,13,0,6.77422,35,1,0,0,13,0,6.80239,36,1,0,0,13,0,6.85646
157,8,1,0,1,12,0,6.54535,9,1,0,1,12,0,6.45362,10,1,0,1,12,0,6.57786,11,1,0,1,12,0,6.67456
158,29,1,0,0,12,0,6.63857,30,1,0,0,12,0,6.68461,31,1,0,0,12,0,6.7334,32,1,0,0,12,0,6.88244
159,30,1,0,0,12,0,6.55108,31,1,0,0,12,0,6.58617,32,1,0,0,12,0,6.65286,33,1,0,0,12,0,6.43775
160,25,1,0,1,17,0,6.62007,26,1,0,1,17,0,6.80239,27,1,0,1,17,0,6.85646,28,1,0,1,17,0,6.90776
161,9,1,0,0,12,0,6.10925,10,1,0,0,12,0,6.21461,11,1,0,0,12,0,6.21461,12,1,0,0,12,0,6.5582
162,8,1,0,0,12,0,5.743,9,1,0,0,12,0,6.05209,10,1,0,0,12,0,6.07993,11,1,0,0,12,0,6.30992
163,10,1,0,1,12,0,6.04025,11,1,0,1,12,0,6.18415,12,1,0,1,12,0,6.21461,13,1,0,1,12,0,6.30992
164,10,0,1,0,11,1,6.07304,11,0,1,0,11,1,6.19441,12,0,1,0,11,1,6.31897,13,0,1,0,11,1,6.39526
165,37,1,0,1,12,0,6.17794,38,1,0,1,12,0,6.31716,39,1,0,1,12,0,6.41182,40,1,0,1,12,0,6.39693
166,10,1,0,0,15,0,6.71538,11,1,0,0,15,0,6.78559,12,1,0,0,15,0,6.88449,13,1,0,0,15,0,7.00307
167,10,0,1,0,10,0,5.01064,11,0,1,0,10,0,5.01064,12,0,1,0,10,0,5.52146,13,0,1,0,10,0,5.66988
168,3,1,0,0,17,0,6.23245,4,1,0,0,17,0,6.57925,5,1,0,1,17,0,6.65286,6,1,0,1,17,0,6.74524
169,25,1,0,0,17,0,6.90575,26,1,0,0,17,0,6.90575,27,1,0,0,17,0,7.40853,28,1,0,0,17,0,7.46737
170,24,1,0,0,9,0,5.67332,25,1,0,0,9,0,5.7462,26,1,0,0,9,0,5.82895,27,1,0,0,9,0,6.07993
171,12,0,0,0,12,1,5.99146,13,0,0,0,12,1,5.92693,14,0,0,0,12,1,6.07993,15,0,0,0,12,1,6.07993
172,10,1,0,0,16,0,6.90575,11,1,0,0,16,0,6.90575,12,1,0,0,16,0,7.22766,13,1,0,0,16,0,7.29302
173,28,1,0,0,16,0,6.90575,29,1,0,0,16,0,6.90575,30,1,0,0,16,0,7.34601,31,1,0,0,16,0,7.31322
174,5,0,0,1,12,0,6.08222,6,0,0,1,12,0,6.51323,7,0,0,1,12,0,6.62141,8,0,0,1,12,0,6.6995
175,3,0,1,0,12,0,5.96615,4,0,1,0,12,0,6.11147,5,0,1,0,12,0,6.17379,6,0,1,0,12,0,6.22059
176,4,1,0,0,14,0,6.43615,5,1,0,0,14,0,6.65929,6,1,0,0,14,0,6.74524,7,1,0,0,14,0,6.85646
177,19,0,1,0,15,0,6.77422,20,0,1,0,15,0,6.82546,21,0,1,0,15,0,6.07993,22,0,1,0,15,0,6.90776
178,3,1,0,0,9,0,6.10032,4,1,0,0,9,0,6.15698,5,1,0,0,9,0,6.24222,6,1,0,0,9,0,6.38351
179,20,1,0,0,16,0,5.7462,21,1,0,0,16,0,5.92693,22,1,0,0,16,0,6.01616,23,1,0,0,16,0,5.94803
180,11,1,0,0,12,0,6.28972,12,1,0,0,12,0,6.39693,13,1,0,0,12,0,6.54535,14,1,0,0,12,0,6.73102
181,14,1,0,1,12,0,6.55108,15,1,0,0,12,0,6.86693,16,1,0,0,12,0,6.9256,17,1,0,0,12,0,7.06476
182,8,1,1,0,14,0,5.85793,9,1,1,0,14,0,5.8861,10,1,1,0,14,0,5.99146,11,1,1,0,14,0,6.02828
183,10,0,1,0,8,0,5.42053,11,0,1,0,8,0,5.51745,12,0,1,0,8,0,5.19296,13,0,1,0,8,0,5.34711
184,25,1,0,0,12,0,6.55393,26,1,0,0,12,0,6.71538,27,1,0,0,12,0,6.62407,28,1,0,0,12,0,6.83087
185,23,1,0,1,12,0,6.55108,24,1,0,1,12,0,6.62007,25,1,0,1,12,0,6.70564,26,1,0,1,12,0,6.78559
186,35,1,0,0,12,0,6.80239,36,1,0,0,12,0,6.85646,37,1,0,0,12,0,6.98008,38,1,0,0,12,0,7.09589
187,22,0,0,1,12,0,6.90575,23,1,0,1,12,0,6.90575,24,1,0,1,12,0,7.11639,25,1,0,1,12,0,7.07412
188,10,1,0,0,12,0,6.62007,11,1,0,0,12,0,6.62007,12,1,0,0,12,0,6.83303,13,1,0,0,12,0,6.9256
189,23,1,0,0,17,0,6.90575,24,1,0,0,17,0,6.90575,25,1,0,0,17,0,7.04752,26,1,0,0,17,0,7.09008
190,6,1,0,0,9,0,6.09582,7,1,0,0,9,0,6.29157,8,1,0,0,9,0,6.40523,9,1,0,0,9,0,6.62007
191,25,1,0,1,6,0,6.10032,26,1,0,1,6,0,6.29157,27,1,0,1,6,0,6.29157,28,1,0,1,6,0,6.37161
192,6,1,0,1,12,0,6.286,7,1,0,1,12,0,6.4599,8,1,0,1,12,0,6.54965,9,1,0,1,12,0,6.64639
193,32,1,0,0,16,0,6.90575,33,1,0,0,16,0,6.90575,34,1,0,0,16,0,7.36518,35,1,0,0,16,0,7.42476
194,11,1,0,1,12,0,6.54965,12,1,0,1,12,0,6.83518,13,1,0,1,12,0,6.79794,14,1,0,1,12,0,6.80128
195,11,1,0,0,16,0,6.44572,12,1,0,0,16,0,6.62007,13,1,0,0,16,0,6.69703,14,1,0,0,16,0,6.82979
196,7,1,0,0,9,0,6.05209,8,1,0,0,9,0,6.21461,9,1,0,0,9,0,6.43775,10,1,0,0,9,0,6.58617
197,20,0,1,0,7,0,5.53339,21,0,1,0,7,0,5.82008,22,0,1,0,7,0,5.8999,23,0,1,0,7,0,5.97635
198,29,1,0,0,12,0,6.68461,30,1,0,0,12,0,6.68461,31,1,0,0,12,0,6.77422,32,1,0,0,12,0,6.84588
199,8,0,0,0,13,0,6.39693,9,0,0,0,13,0,6.51915,10,0,0,0,13,0,6.60394,11,0,0,0,13,0,6.73815
200,3,1,0,0,17,0,6.17379,4,1,0,0,17,0,6.33683,5,1,0,0,17,0,6.35437,6,1,0,0,17,0,6.39526
201,20,1,0,1,11,0,6.16331,21,1,0,1,11,0,6.24222,22,1,0,1,11,0,6.36647,23,1,0,1,11,0,6.44254
202,7,0,1,0,12,0,5.90808,8,0,1,0,12,0,5.92693,9,0,1,0,12,0,6.10702,10,0,1,0,12,0,6.26149
203,19,1,0,0,9,0,6.07993,20,1,0,0,9,0,6.07993,21,1,0,0,9,0,6.13773,22,1,0,0,9,0,6.18826
204,32,1,0,1,9,0,6.47697,33,1,0,1,9,0,6.53669,34,1,0,0,9,0,6.58617,35,1,0,1,9,0,6.67203
205,25,1,0,1,12,0,6.54679,26,1,0,1,12,0,6.68461,27,1,0,1,12,0,6.90776,28,1,0,1,12,0,6.69456
206,12,1,0,0,13,0,6.90575,13,1,0,0,13,0,6.90575,14,1,0,0,13,0,7.34278,15,1,0,0,13,0,7.47591
207,13,1,0,0,17,0,6.90575,14,1,0,0,17,0,6.90575,15,1,0,0,17,0,7.31322,16,1,0,0,17,0,7.70661
208,15,0,1,0,11,1,5.39363,16,0,1,0,11,1,5.52146,17,0,1,1,11,1,5.75257,18,0,1,1,11,1,5.75257
209,23,1,0,0,17,0,6.55108,24,1,0,0,17,0,6.67203,25,1,0,0,17,0,6.66568,26,1,0,0,17,0,6.67203
210,34,0,0,1,8,0,6.62007,35,0,0,1,8,0,6.62007,36,0,0,1,8,0,6.71538,37,0,0,1,8,0,6.80239
211,30,1,0,0,10,0,6.77422,31,1,0,0,10,0,6.90575,32,1,0,0,10,0,6.90776,33,1,0,0,10,0,7.3696
212,7,1,0,0,17,0,6.90575,8,1,0,0,17,0,6.90575,9,1,0,0,17,0,7.09008,10,1,0,0,17,0,7.20786
213,27,1,0,0,11,0,6.90575,28,1,0,0,11,0,6.90575,29,1,0,0,11,0,7.00307,30,1,0,0,11,0,7.09008
214,24,1,0,0,12,0,6.286,25,1,0,0,12,0,6.35437,26,1,0,0,12,0,6.43775,27,1,0,0,12,0,6.43775
215,35,1,0,0,16,1,6.2634,36,1,0,0,16,1,6.17379,37,1,0,0,16,1,6.10925,38,1,0,0,16,1,6.10925
216,17,1,0,0,17,0,6.85646,18,1,0,0,17,0,6.90575,19,1,0,0,17,0,7.04752,20,1,0,0,17,0,7.1309
217,4,1,0,0,13,0,6.05209,5,1,0,0,13,0,6.05209,6,1,0,0,13,0,6.21461,7,1,0,0,13,0,6.33328
218,11,1,0,1,12,0,6.31536,12,1,0,1,12,0,6.33328,13,1,0,1,12,0,6.40192,14,1,0,1,12,0,6.54103
219,19,1,0,0,12,0,6.81344,20,1,0,0,12,0,6.80239,21,1,0,1,12,0,6.95655,22,1,0,0,12,0,7.08841
220,33,1,0,1,12,0,6.47851,34,1,0,1,12,0,6.55393,35,1,0,1,12,0,6.62804,36,1,0,1,12,0,6.74524
221,28,1,0,0,17,0,6.90575,29,1,0,0,17,0,6.90575,30,1,0,1,17,0,7.20786,31,1,0,1,17,0,7.29302
222,1,0,0,0,11,0,5.70378,2,0,0,0,11,0,6.2634,3,0,0,0,11,0,5.92693,4,0,0,0,11,0,5.52146
223,12,1,0,0,14,0,6.10925,13,1,0,0,14,0,6.24417,14,1,0,0,14,0,6.28227,15,1,0,0,14,0,6.38519
224,34,1,0,1,5,0,6.90575,35,1,0,1,5,0,6.90575,36,1,0,1,5,0,7.03878,37,1,0,1,5,0,7.12287
225,10,0,1,0,12,0,6.02345,11,0,1,0,12,0,6.25383,12,0,1,0,12,0,6.33328,13,0,1,0,12,0,6.47697
226,30,1,0,0,12,0,5.57973,31,1,0,0,12,0,5.66988,32,1,0,0,12,0,5.826,33,1,0,0,12,0,5.87493
227,29,1,0,0,16,0,6.90575,30,1,0,0,16,0,6.90575,31,1,0,0,16,0,7.1107,32,1,0,0,16,0,7.1309
228,2,1,0,0,16,0,6.14633,3,1,0,0,16,0,6.55108,4,1,0,0,16,0,6.80239,5,1,0,0,16,0,6.90776
229,16,0,1,1,17,0,6.68461,17,0,1,0,17,0,6.74524,18,0,1,1,17,0,6.74524,19,0,1,0,17,0,6.85646
230,2,1,0,1,12,0,5.9135,3,1,0,1,12,0,6.24028,4,1,0,1,12,0,6.36303,5,1,0,1,12,0,6.55108
231,23,1,0,0,16,0,6.90575,24,1,0,0,16,0,6.90575,25,1,0,0,16,0,7.64969,26,1,0,0,16,0,7.88231
232,27,1,0,0,17,0,6.04025,28,1,0,0,17,0,6.90575,29,1,0,0,17,0,6.95655,30,1,0,0,17,0,7.01571
233,30,1,0,1,10,0,6.63332,31,1,0,1,10,0,6.71538,32,1,0,1,10,0,6.82979,33,1,0,1,10,0,6.90776
234,21,1,0,1,12,0,6.23245,22,1,0,1,12,0,6.30262,23,1,0,1,12,0,6.34564,24,1,0,1,12,0,6.47235
235,18,1,0,0,7,0,5.92693,19,1,0,0,7,0,5.95324,20,1,0,0,7,0,6.10925,21,1,0,0,7,0,6.14204
236,7,1,0,0,17,0,6.90575,8,1,0,0,17,0,6.90575,9,1,0,0,17,0,7.18917,10,1,0,0,17,0,7.19293
237,6,1,0,0,16,0,6.16331,7,1,0,0,16,0,6.15273,8,1,0,0,16,0,6.3699,9,1,0,0,16,0,6.38012
238,32,0,0,1,12,0,6.74524,33,0,0,0,12,0,6.85118,34,1,0,0,12,0,6.90776,35,1,0,0,12,0,6.96602
239,27,1,0,0,16,0,6.90575,28,1,0,0,16,0,6.90575,29,1,0,0,16,0,7.82405,30,1,0,0,16,0,7.90101
240,34,1,0,1,12,0,6.90575,35,1,0,1,12,0,6.90575,36,1,0,1,12,0,7.12367,37,1,0,1,12,0,7.23921
241,15,1,0,0,10,0,6.53814,16,0,0,0,10,0,6.62936,17,0,0,0,10,0,6.72263,18,1,0,0,10,0,6.86485
242,7,0,1,1,10,0,5.75257,8,0,1,1,10,0,5.75257,9,0,1,1,10,0,5.88053,10,0,1,1,10,0,5.94542
243,9,1,0,1,12,0,6.90575,10,1,0,1,12,0,6.90575,11,1,0,1,12,0,7.1452,12,1,0,1,12,0,7.22548
244,22,1,0,0,10,0,6.37161,23,1,0,0,10,0,6.46925,24,1,0,0,10,0,6.56948,25,1,0,0,10,0,6.51175
245,36,1,0,0,7,0,6.39693,37,1,0,0,7,0,6.47697,38,1,0,0,7,0,6.55108,39,1,0,0,7,0,6.62007
246,37,1,0,1,10,0,6.47697,38,1,0,0,10,0,6.35437,39,1,0,1,10,0,6.35437,40,1,0,1,10,0,6.50728
247,9,0,1,0,7,1,5.43808,10,0,1,0,7,1,5.56068,11,0,1,0,7,1,5.57973,12,0,1,0,7,1,5.73657
248,10,0,1,0,11,0,5.7462,11,0,1,0,11,0,5.73657,12,0,1,0,11,0,5.4161,13,0,1,0,11,0,5.46383
249,30,1,0,0,16,0,6.62007,31,0,0,0,16,0,6.55108,32,0,0,0,16,0,6.74524,33,0,0,0,16,0,6.80239
250,18,1,0,1,10,0,6.05678,19,1,0,1,10,0,6.10925,20,1,0,1,10,0,6.18415,21,1,0,1,10,0,6.28413
251,6,1,0,0,16,0,5.8861,7,1,0,0,16,0,6.21461,8,1,0,0,16,0,6.44572,9,1,0,0,16,0,6.39693
252,25,1,0,0,17,1,6.90575,26,1,0,0,17,1,6.90575,27,1,0,0,17,1,7.54961,28,1,0,0,17,1,7.6009
253,7,1,0,1,12,1,6.23832,8,1,0,1,12,1,6.49224,9,1,0,1,12,1,6.52209,10,1,0,1,12,1,6.58617
254,33,1,0,0,12,0,6.22654,34,1,0,0,12,0,6.30992,35,1,0,0,12,0,6.39693,36,1,0,0,12,0,6.52942
255,3,0,1,0,12,0,6.05209,4,0,1,1,12,0,6.01616,5,0,1,1,12,0,6.27852,6,0,1,1,12,0,6.36819
256,5,1,0,0,16,0,6.23048,6,1,0,1,16,0,6.35437,7,1,0,1,16,0,6.49979,8,1,0,1,16,0,6.68461
257,32,1,0,1,12,0,6.64379,33,1,0,1,12,0,6.74406,34,1,0,1,12,0,6.79906,35,1,0,1,12,0,6.89366
258,25,0,0,0,17,0,6.51175,26,0,0,0,17,0,6.49527,27,0,0,0,17,0,6.63726,28,0,0,0,17,0,6.63857
259,10,1,0,0,10,0,5.85793,11,1,0,0,10,0,5.85793,12,1,0,0,10,0,6.21461,13,1,0,0,10,0,6.18415
260,10,1,0,0,12,0,6.55108,11,1,0,0,12,0,6.63332,12,1,0,0,12,0,6.74524,13,1,0,0,12,0,6.95655
261,16,1,0,1,10,0,6.31716,17,1,0,1,10,0,6.3613,18,1,0,1,10,0,6.42972,19,1,0,1,10,0,6.73102
262,12,1,0,0,16,0,6.83841,13,1,0,0,16,0,6.85224,14,1,0,0,16,0,6.91175,15,1,0,0,16,0,6.91175
263,10,0,1,0,12,1,6.10925,11,0,1,0,12,1,6.20456,12,0,1,0,12,1,6.37161,13,0,1,0,12,1,6.39693
264,3,0,1,0,16,0,6.30992,4,0,1,0,16,0,6.29157,5,0,1,0,16,0,6.30992,6,0,1,0,16,0,6.65286
265,15,1,0,1,12,0,6.67834,16,1,0,1,12,0,6.75227,17,1,0,1,12,0,6.84162,18,1,0,1,12,0,6.95655
266,21,1,0,1,17,0,6.90575,22,1,0,1,17,0,6.90575,23,1,0,1,17,0,7.02997,24,1,0,1,17,0,7.09008
267,14,1,0,1,12,0,6.55962,15,1,0,1,12,0,6.60123,16,1,0,1,12,0,6.73221,17,1,0,1,12,0,6.79122
268,8,1,0,0,14,0,5.89715,9,1,0,0,14,0,6.07993,10,1,0,0,14,0,5.98141,11,1,0,0,14,0,6.33328
269,21,1,0,1,9,0,6.44572,22,1,0,1,9,0,6.74524,23,0,0,1,9,0,6.81892,24,0,0,1,9,0,6.85646
270,21,1,0,0,16,0,6.90575,22,1,0,0,16,0,6.90575,23,1,0,0,16,0,7.91936,24,1,0,0,16,0,8.13153
271,7,1,0,0,16,0,6.4892,8,1,0,0,16,0,6.5582,9,1,0,0,16,0,6.57786,10,1,0,0,16,0,6.68461
272,6,1,0,0,16,0,6.35437,7,1,0,0,16,0,6.44572,8,1,0,0,16,0,6.80239,9,1,0,0,16,0,6.80239
273,24,1,0,1,12,1,6.31173,25,1,0,1,12,1,6.54535,26,1,0,1,12,1,6.56386,27,1,0,1,12,1,6.632
274,14,1,0,0,17,0,6.64249,15,1,0,0,17,0,6.75344,16,1,0,0,17,0,6.81783,17,1,0,0,17,0,6.91473
275,1,1,0,0,17,0,6.21461,2,1,0,0,17,0,6.17379,3,1,0,0,17,0,6.35437,4,1,0,0,17,0,6.55108
276,4,1,0,1,12,0,6.55251,5,1,0,1,12,0,6.62007,6,1,0,1,12,0,6.68461,7,1,0,1,12,0,6.72383
277,33,1,0,0,8,0,6.42162,34,1,0,0,8,0,6.4892,35,1,0,0,8,0,6.72022,36,1,0,0,8,0,6.76964
278,7,1,0,0,15,0,6.90575,8,1,0,0,15,0,6.90575,9,1,0,0,15,0,7.17012,10,1,0,0,15,0,7.28276
279,15,1,0,1,12,0,6.57368,16,1,0,1,12,0,6.6796,17,1,0,1,12,0,6.85857,18,1,0,1,12,0,6.84268
280,29,1,0,1,13,0,6.05209,30,1,0,1,13,0,6.05209,31,1,0,1,13,0,6.10925,32,1,0,1,13,0,6.21461
281,5,1,0,1,12,0,6.53088,6,1,0,1,12,0,6.55962,7,1,0,1,12,0,6.58064,8,1,0,1,12,0,6.72383
282,18,1,0,0,17,0,6.74524,19,1,0,0,17,0,6.74524,20,1,0,0,17,0,6.81344,21,1,0,0,17,0,6.85118
283,44,1,0,1,9,0,6.90575,45,1,0,1,9,0,6.21461,46,1,0,1,9,0,7.1309,47,1,0,1,9,0,6.90776
284,29,1,0,1,12,0,6.44413,30,1,0,1,12,0,6.45362,31,1,0,1,12,0,6.52062,32,1,0,1,12,0,6.72743
285,5,1,0,0,12,0,6.48311,6,1,0,0,12,0,6.53233,7,1,0,0,12,0,6.75227,8,1,0,0,12,0,6.80017
286,11,1,0,1,10,0,5.99146,12,1,0,1,10,0,6.38012,13,1,0,1,10,0,6.56526,14,1,0,1,10,0,6.7334
287,15,1,0,1,10,0,6.50429,16,1,0,1,10,0,6.47389,17,1,0,1,10,0,6.56386,18,1,0,1,10,0,6.7511
288,13,1,0,0,12,0,6.86485,14,1,0,0,12,0,6.90575,15,1,0,0,12,0,7.02554,16,1,0,0,12,0,7.1507
289,28,1,0,0,16,0,6.90575,29,1,0,0,16,0,6.90575,30,1,0,0,16,0,7.46737,31,1,0,0,16,0,7.69621
290,4,1,0,0,13,0,6.28786,5,1,0,0,13,0,6.20456,6,1,0,0,13,0,6.24417,7,1,0,0,13,0,6.32794
291,36,1,0,0,12,0,6.80239,37,1,0,0,12,0,6.82979,38,1,0,0,12,0,6.98472,39,1,0,0,12,0,7.00307
292,27,1,0,0,12,0,6.61607,28,1,0,0,12,0,6.57647,29,1,0,0,12,0,6.68461,30,1,0,0,12,0,6.74288
293,10,1,0,1,12,0,6.06611,11,1,0,1,12,0,6.18826,12,1,0,1,12,0,6.31173,13,1,0,1,12,0,6.55678
294,16,1,0,1,12,0,6.19644,17,1,0,1,12,0,6.2653,18,1,0,1,12,0,6.36475,19,1,0,1,12,0,6.43935
295,22,0,1,1,12,0,6.33328,23,0,1,1,12,0,6.61473,24,0,1,1,12,0,6.73459,25,0,1,1,12,0,6.77422
296,30,1,0,1,8,0,6.44572,31,1,0,0,8,0,6.33328,32,1,0,0,8,0,6.39693,33,1,0,1,8,0,6.48158
297,12,1,0,0,12,0,6.42972,13,1,0,0,12,0,6.43133,14,1,0,1,12,0,6.59441,15,1,0,1,12,0,6.71174
298,11,1,0,0,12,1,6.49224,12,1,0,0,12,1,6.21461,13,1,0,0,12,1,6.72743,14,1,0,0,12,1,6.66568
299,35,0,1,0,16,0,6.30992,36,0,1,0,16,0,6.30992,37,0,1,0,16,0,6.30992,38,0,1,0,16,0,6.30992
300,33,1,0,0,12,0,6.14633,34,1,0,0,12,0,6.25383,35,1,0,0,12,0,6.30992,36,1,0,0,12,0,6.35089
301,9,1,0,0,14,0,6.53669,10,1,0,0,14,0,6.55108,11,1,0,0,14,0,6.65929,12,1,0,0,14,0,6.82979
302,11,1,0,1,17,0,6.22456,12,1,0,1,17,0,6.30992,13,1,0,1,17,0,6.47697,14,1,0,1,17,0,6.67834
303,2,1,0,0,13,0,5.75257,3,1,0,0,13,0,5.85793,4,1,0,0,13,0,6.07535,5,1,0,0,13,0,8.51719
304,11,1,0,1,9,0,6.16331,12,1,0,1,9,0,6.2634,13,1,0,1,9,0,6.35437,14,1,0,1,9,0,6.43775
305,18,1,0,0,16,0,6.90575,19,1,0,0,16,0,6.90575,20,1,0,0,16,0,7.25134,21,1,0,0,16,0,7.25134
306,18,1,0,0,12,0,6.49527,19,1,0,0,12,0,6.60394,20,1,0,0,12,0,6.70073,21,1,0,0,12,0,6.58617
307,3,1,0,1,8,0,6.45047,4,1,0,1,8,0,6.67203,5,1,0,1,8,0,6.56386,6,1,0,1,8,0,6.60665
308,27,1,0,1,11,0,6.48158,28,1,0,1,11,0,6.55393,29,1,0,1,11,0,6.61874,30,1,0,1,11,0,6.75693
309,18,1,0,1,9,0,6.00389,19,1,0,1,9,0,6.10925,20,1,0,0,9,0,6.23441,21,1,0,0,9,0,6.03548
310,13,1,0,1,12,0,6.3315,14,1,0,1,12,0,6.39359,15,1,0,1,12,0,6.48464,16,1,0,1,12,0,6.56948
311,5,1,0,0,12,0,6.41182,6,1,0,0,12,0,6.56526,7,1,0,1,12,0,6.59987,8,1,0,1,12,0,6.69084
312,14,1,0,1,14,0,6.57508,15,1,0,1,14,0,6.65157,16,1,0,1,14,0,6.75577,17,1,0,1,14,0,6.84055
313,8,1,0,0,16,0,6.22258,9,1,0,0,16,0,6.34564,10,1,0,0,16,0,6.42972,11,1,0,0,16,0,6.49224
314,10,1,0,0,12,0,6.30262,11,1,0,1,12,0,6.35611,12,1,0,1,12,0,6.4151,13,1,0,1,12,0,6.49224
315,10,1,0,0,17,0,5.70711,11,1,0,0,17,0,6.39693,12,1,0,0,17,0,6.39693,13,1,0,0,17,0,6.63463
316,30,1,0,0,17,0,6.90575,31,1,0,0,17,0,6.90575,32,1,0,0,17,0,7.67322,33,1,0,0,17,0,7.75148
317,12,1,0,0,12,0,5.99146,13,1,0,0,12,0,5.90263,14,0,0,0,12,0,6.55108,15,0,0,0,12,0,6.49979
318,10,1,0,0,15,0,6.35437,11,1,0,0,15,0,6.47697,12,1,0,0,15,0,6.74524,13,1,0,1,15,0,6.55108
319,24,1,0,1,12,0,6.50129,25,1,0,1,12,0,6.57368,26,1,0,1,12,0,6.65544,27,1,0,1,12,0,6.75344
320,20,1,0,0,6,1,6.09131,21,1,0,0,6,1,6.23637,22,1,0,0,6,1,6.27099,23,1,0,0,6,1,6.47697
321,6,1,0,1,12,0,6.04025,7,1,0,1,12,0,6.20658,8,1,0,1,12,0,6.27288,9,1,0,1,12,0,6.39693
322,13,1,0,0,12,0,6.68711,14,1,0,0,12,0,6.74524,15,1,0,0,12,0,6.85646,16,1,0,0,12,0,6.95655
323,12,0,1,0,16,0,6.55108,13,0,1,0,16,0,6.55108,14,0,1,0,16,0,6.80239,15,0,1,0,16,0,6.85646
324,3,1,0,1,14,0,6.18826,4,1,0,1,14,0,6.60665,5,1,0,1,14,0,6.68461,6,1,0,1,14,0,6.76849
325,35,1,0,0,15,0,6.2634,36,1,0,0,15,0,6.29157,37,1,0,0,15,0,6.39693,38,1,0,0,15,0,6.39693
326,22,1,0,0,12,0,6.55108,23,1,0,0,12,0,6.68461,24,1,0,0,12,0,6.55108,25,1,0,0,12,0,6.82871
327,10,0,1,0,12,1,5.93225,11,0,1,0,12,1,6.19644,12,0,1,0,12,1,6.23637,13,0,1,0,12,1,6.30992
328,31,1,0,0,10,0,6.62007,32,1,0,0,10,0,6.68461,33,1,0,1,10,0,6.7334,34,1,0,1,10,0,6.81892
329,38,1,0,0,15,0,6.42162,39,1,0,0,15,0,6.47697,40,1,0,0,15,0,6.55108,41,1,0,0,15,0,6.68461
330,35,1,0,0,17,0,6.75926,36,1,0,0,17,0,6.81344,37,1,0,0,17,0,6.86693,38,1,0,0,17,0,6.85118
331,38,1,0,0,11,0,6.88959,39,1,0,1,11,0,6.90575,40,1,0,0,11,0,6.90776,41,1,0,1,11,0,7.00307
332,36,0,1,0,12,1,5.61313,37,0,1,0,12,1,5.82008,38,0,1,0,12,1,5.76205,39,0,1,0,12,1,5.8999
333,6,1,0,1,12,0,6.44572,7,1,0,1,12,0,6.62007,8,1,0,1,12,0,6.59987,9,1,0,1,12,0,6.63332
334,35,1,0,0,5,0,6.33328,36,1,0,0,5,0,5.85793,37,1,0,0,5,0,6.39526,38,1,0,0,5,0,6.10925
335,24,1,1,0,16,0,6.39526,25,1,1,0,16,0,6.43615,26,1,1,0,16,0,6.49224,27,1,1,0,16,0,6.73102
336,28,1,0,0,14,0,6.30992,29,1,0,0,14,0,6.53669,30,1,0,0,14,0,6.46147,31,1,0,0,14,0,6.57925
337,4,1,0,0,12,0,6.65286,5,1,0,0,12,0,6.77422,6,1,0,0,12,0,6.90776,7,1,0,0,12,0,6.96885
338,9,0,1,1,12,0,5.98645,10,0,1,1,12,0,5.95584,11,0,1,1,12,0,6.18415,12,0,1,1,12,0,6.19236
339,9,0,1,0,12,0,5.88332,10,0,1,0,12,0,5.8861,11,0,1,0,12,0,5.93489,12,0,1,0,12,0,6.07993
340,28,1,0,1,12,0,6.57647,29,1,0,1,12,0,6.66441,30,1,0,1,12,0,6.73697,31,1,0,1,12,0,6.80793
341,7,1,0,0,17,0,6.90575,8,1,0,0,17,0,6.90575,9,1,0,0,17,0,7.24566,10,1,0,0,17,0,7.37776
342,31,1,0,0,9,0,6.4552,32,1,0,0,9,0,6.5582,33,1,0,0,9,0,6.66313,34,1,0,1,9,0,6.84588
343,27,1,0,0,12,0,6.90575,28,1,0,0,12,0,6.90575,29,1,0,1,12,0,7.18539,30,1,0,0,12,0,7.24423
344,19,1,0,0,17,0,6.90575,20,1,0,0,17,0,6.90575,21,0,0,0,17,0,7.6009,22,0,0,0,17,0,7.71869
345,17,1,0,1,11,1,6.16331,18,1,0,1,11,1,6.30992,19,1,0,1,11,1,6.30445,20,1,0,1,11,1,6.62007
346,22,1,0,1,17,0,6.90575,23,1,0,1,17,0,6.90575,24,1,0,1,17,0,6.57925,25,1,0,1,17,0,7.04752
347,18,1,0,0,17,0,6.77422,19,1,0,0,17,0,6.88755,20,1,0,0,17,0,6.90776,21,1,0,0,17,0,6.96508
348,27,1,0,0,16,0,6.90575,28,1,0,0,16,0,6.90575,29,1,0,0,16,0,7.84385,30,1,0,0,16,0,7.93737
349,3,1,0,0,12,0,6.13988,4,1,0,0,12,0,6.56667,5,1,0,0,12,0,6.65157,6,1,0,0,12,0,6.83303
350,37,1,0,1,11,0,6.55108,38,1,0,1,11,0,6.68711,39,1,0,0,11,0,6.75227,40,1,0,1,11,0,6.81344
351,23,1,0,0,8,0,5.92693,24,1,0,0,8,0,5.99146,25,1,0,1,8,0,6.57368,26,1,0,1,8,0,6.66568
352,5,1,0,0,14,0,6.43775,6,1,0,0,14,0,6.57368,7,1,0,0,14,0,6.65286,8,1,0,0,14,0,6.82655
353,30,1,0,0,17,0,6.90575,31,1,0,0,17,0,6.90575,32,1,0,0,17,0,8.16052,33,1,0,0,17,0,8.00637
354,21,1,0,1,12,1,6.50429,22,1,0,1,12,1,6.55108,23,1,0,1,12,1,6.64509,24,1,0,1,12,1,6.64639
355,7,1,0,0,12,0,5.76832,8,1,0,0,12,0,5.8999,9,1,0,1,12,0,6.608,10,1,0,1,12,0,6.84588
356,4,1,0,0,12,0,6.39024,5,1,0,0,12,0,6.49072,6,1,0,0,12,0,6.61874,7,1,0,0,12,0,6.80572
357,16,1,0,1,12,0,6.34564,17,1,0,1,12,0,6.51471,18,1,0,1,12,0,6.57925,19,1,0,1,12,0,6.63332
358,16,1,0,1,16,0,6.49072,17,1,0,1,16,0,6.51471,18,1,0,0,16,0,6.55108,19,1,0,1,16,0,6.70808
359,36,1,0,1,10,0,5.98141,37,1,0,1,10,0,5.98141,38,1,0,1,10,0,6.10925,39,1,0,1,10,0,6.21461
360,28,1,0,0,12,0,6.90575,29,1,0,0,12,0,6.90575,30,1,0,0,12,0,7.24423,31,1,0,0,12,0,6.95655
361,5,0,1,0,17,0,5.4161,6,0,1,0,17,0,5.48064,7,0,1,0,17,0,6.21461,8,0,1,0,17,0,6.25383
362,20,1,0,0,10,0,6.58617,21,1,0,0,10,0,6.66185,22,1,0,0,10,0,6.81344,23,1,0,0,10,0,6.86171
363,15,1,0,1,12,0,6.12249,16,1,0,1,12,0,6.16542,17,1,0,1,12,0,6.21661,18,1,0,1,12,0,6.56526
364,20,0,1,0,13,0,6.43775,21,0,1,0,13,0,6.39693,22,0,1,0,13,0,6.4708,23,0,1,0,13,0,6.74524
365,32,1,0,0,17,0,6.90575,33,1,0,0,17,0,6.90575,34,1,0,0,17,0,5.01728,35,1,0,0,17,0,7.37776
366,12,1,0,0,12,0,6.62007,13,1,0,0,12,0,6.55108,14,1,0,0,12,0,6.55108,15,1,0,0,12,0,5.87212
367,25,1,0,0,9,0,6.51471,26,1,0,0,9,0,6.76273,27,1,0,0,9,0,6.93731,28,1,0,0,9,0,6.82979
368,9,1,0,0,16,0,6.4677,10,1,0,0,16,0,6.62007,11,1,0,0,16,0,6.76849,12,1,0,0,16,0,6.99577
369,2,1,0,1,14,0,6.29711,3,1,0,1,14,0,6.49224,4,1,0,1,14,0,6.74524,5,1,0,1,14,0,6.88244
370,9,1,0,1,12,0,6.60259,10,1,0,1,12,0,6.62407,11,1,0,1,12,0,6.71538,12,1,0,1,12,0,6.84268
371,31,1,0,1,10,0,6.56526,32,1,0,1,10,0,6.65929,33,1,0,1,10,0,6.78784,34,1,0,1,10,0,6.85435
372,9,0,1,0,16,0,6.52209,10,0,1,0,16,0,6.58617,11,0,1,0,16,0,6.65286,12,0,1,0,16,0,6.65286
373,16,0,1,0,11,1,6.05678,17,0,1,0,11,1,6.23441,18,0,1,0,11,1,6.39693,19,0,1,0,11,1,6.39859
374,13,1,0,0,9,0,5.76832,14,1,0,0,9,0,5.85793,15,1,0,0,9,0,6.03787,16,1,0,0,9,0,6.10702
375,20,0,1,1,11,1,5.68358,21,0,1,1,11,1,5.73334,22,0,1,1,11,1,5.8861,23,0,1,0,11,1,5.94542
376,27,1,0,0,12,0,6.49224,28,1,0,0,12,0,6.55108,29,1,0,0,12,0,6.60665,30,1,0,0,12,0,6.68461
377,21,1,0,0,12,0,6.82979,22,1,0,0,12,0,6.90575,23,1,0,0,12,0,6.90776,24,1,0,0,12,0,7.04752
378,3,1,0,0,15,0,6.49224,4,1,0,0,15,0,6.65929,5,1,0,0,15,0,6.65673,6,1,0,0,15,0,6.80239
379,22,1,0,0,7,0,6.49224,23,1,0,0,7,0,6.54391,24,1,0,0,7,0,6.50728,25,1,0,0,7,0,6.71538
380,30,1,0,1,10,0,6.36303,31,1,0,1,10,0,6.40523,32,1,0,1,10,0,6.41346,33,1,0,1,10,0,6.42162
381,26,1,0,1,11,0,6.37161,27,1,0,1,11,0,6.41673,28,1,0,1,11,0,6.39693,29,1,0,1,11,0,6.55108
382,20,1,0,1,12,1,6.43775,21,1,0,1,12,1,6.43775,22,1,0,1,12,1,6.33683,23,1,0,1,12,1,6.37673
383,29,0,0,1,12,1,6.80239,30,1,0,1,12,1,6.90575,31,1,0,1,12,1,6.96602,32,1,0,1,12,1,6.95655
384,27,1,0,1,12,0,5.78383,28,1,0,1,12,0,6.12249,29,1,0,1,12,0,6.10925,30,1,0,1,12,0,6.10925
385,10,1,0,1,12,0,6.60665,11,1,0,1,12,0,6.7334,12,1,0,1,12,0,6.79122,13,1,0,1,12,0,6.84588
386,17,1,0,0,14,0,6.90575,18,1,0,0,14,0,6.90575,19,1,0,0,14,0,7.26193,20,1,0,0,14,0,7.27932
387,6,1,0,0,17,0,6.56526,7,1,0,0,17,0,6.55108,8,1,0,0,17,0,6.63332,9,1,0,0,17,0,6.61607
388,34,1,0,0,14,0,6.80239,35,1,0,0,14,0,6.90575,36,1,0,0,14,0,7.09008,37,1,0,0,14,0,7.1309
389,21,1,0,1,14,0,6.90575,22,1,0,1,14,0,6.90575,23,0,0,1,14,0,7.11151,24,0,0,1,14,0,7.2717
390,30,1,0,0,11,0,6.74759,31,1,0,0,11,0,6.84268,32,1,0,0,11,0,6.93731,33,1,0,0,11,0,7.03878
391,35,1,0,1,9,0,6.29527,36,1,0,1,9,0,6.45047,37,1,0,0,9,0,6.39192,38,1,0,0,9,0,6.57786
392,17,1,0,0,16,0,6.35957,18,1,0,0,16,0,6.39693,19,1,0,0,16,0,6.47697,20,1,0,0,16,0,6.08677
393,15,1,0,1,12,0,6.44413,16,1,0,1,12,0,6.56808,17,1,0,1,12,0,6.63463,18,1,0,1,12,0,6.7334
394,3,1,0,0,12,1,6.21461,4,1,0,0,12,1,6.21461,5,1,0,0,12,1,6.41346,6,1,0,0,12,1,6.50728
395,32,1,0,1,7,0,6.05912,33,1,0,1,7,0,6.11147,34,1,0,1,7,0,6.27288,35,1,0,1,7,0,6.31173
396,10,1,0,0,12,0,6.05209,11,1,0,0,12,0,6.10925,12,0,0,0,12,0,6.21461,13,0,0,0,12,0,6.30992
397,3,0,0,0,17,0,6.77992,4,0,0,0,17,0,6.86693,5,0,0,0,17,0,6.8977,6,1,0,0,17,0,6.96885
398,13,1,0,0,16,0,6.53669,14,1,0,0,16,0,6.65929,15,1,0,0,16,0,6.79122,16,1,0,0,16,0,6.88755
399,31,1,0,1,6,1,6.38012,32,1,0,1,6,1,6.46147,33,1,0,1,6,1,6.54822,34,1,0,1,6,1,6.6733
400,13,1,0,1,10,0,6.50877,14,1,0,1,10,0,6.60259,15,1,0,1,10,0,6.69332,16,1,0,1,10,0,6.75344
401,7,0,0,1,12,0,6.58617,8,0,0,1,12,0,6.68586,9,0,0,0,12,0,6.78559,10,0,0,1,12,0,6.7334
402,16,1,0,0,16,0,6.90575,17,1,0,0,16,0,6.90575,18,1,0,0,16,0,6.90776,19,1,0,0,16,0,7.1309
403,21,1,0,1,12,0,6.90575,22,1,0,1,12,0,6.90575,23,1,0,1,12,0,7.16627,24,1,0,1,12,0,7.1309
404,15,1,0,1,12,0,6.55108,16,1,0,1,12,0,6.68461,17,1,0,1,12,0,6.80239,18,1,0,1,12,0,6.82437
405,5,1,0,0,16,0,6.90575,6,1,0,0,16,0,6.90575,7,1,0,0,16,0,7.1309,8,1,0,0,16,0,7.24423
406,3,1,0,1,13,0,6.39693,4,1,0,1,13,0,6.48004,5,1,0,1,13,0,6.54965,6,1,0,1,13,0,6.65415
407,25,1,0,0,17,0,6.80239,26,1,0,0,17,0,6.90575,27,1,0,0,17,0,7.09506,28,1,0,0,17,0,7.18007
408,4,0,1,0,16,0,6.12249,5,0,1,0,16,0,6.14847,6,0,1,0,16,0,6.20658,7,0,1,0,16,0,6.30992
409,40,1,0,1,10,0,6.38856,41,1,0,1,10,0,6.43775,42,1,0,1,10,0,6.47697,43,1,0,1,10,0,6.56386
410,20,0,1,0,12,0,5.59842,21,0,1,0,12,0,5.70378,22,0,1,0,12,0,5.82895,23,0,1,0,12,0,6.05209
411,5,1,0,0,16,0,6.02102,6,1,0,0,16,0,6.17379,7,1,0,0,16,0,6.30992,8,1,0,0,16,0,6.57925
412,1,1,0,0,16,0,6.37161,2,1,0,0,16,0,6.72143,3,1,0,0,16,0,6.75344,4,0,0,0,16,0,7.24423
413,9,1,0,0,16,0,6.55108,10,1,0,0,16,0,6.78672,11,1,0,0,16,0,6.88038,12,1,0,0,16,0,6.96885
414,37,1,0,1,12,1,6.47697,38,1,0,1,12,1,6.56526,39,1,0,1,12,1,6.55108,40,1,0,1,12,1,6.55108
415,21,1,0,1,9,0,6.05912,22,1,0,1,9,0,6.03548,23,1,0,1,9,0,6.07993,24,1,0,1,9,0,6.16121
416,31,1,0,1,11,0,6.46459,32,1,0,1,11,0,6.53233,33,1,0,1,11,0,6.608,34,1,0,1,11,0,6.60394
417,5,1,0,0,12,0,5.61677,6,1,0,0,12,0,6.00141,7,1,0,0,12,0,6.12687,8,1,0,0,12,0,6.1203
418,28,1,0,1,12,0,6.49224,29,1,0,1,12,0,6.62936,30,1,0,1,12,0,6.66185,31,1,0,1,12,0,6.65929
419,7,1,0,0,17,0,6.55108,8,1,0,0,17,0,6.63332,9,1,0,0,17,0,6.70319,10,1,0,0,17,0,6.79122
420,8,0,1,0,14,0,6.39693,9,0,1,0,14,0,6.39693,10,0,1,0,14,0,6.47697,11,0,1,0,14,0,6.62007
421,14,0,1,0,16,0,5.96615,15,0,1,0,16,0,6.10925,16,0,1,0,16,0,6.30992,17,0,1,0,16,0,6.39693
422,10,1,0,1,12,0,6.2106,11,1,0,1,12,0,6.29157,12,1,0,1,12,0,6.41017,13,1,0,1,12,0,6.47697
423,15,1,0,1,10,0,6.64639,16,1,0,1,10,0,6.69084,17,1,0,1,10,0,6.69084,18,1,0,1,10,0,6.86693
424,3,1,0,0,17,0,6.82979,4,1,0,1,17,0,6.85646,5,1,0,1,17,0,6.90776,6,1,0,0,17,0,6.95655
425,3,1,0,1,13,0,6.05209,4,0,0,1,13,0,6.62007,5,0,0,1,13,0,6.76849,6,1,0,1,13,0,6.77422
426,4,0,0,1,12,0,6.4677,5,0,0,1,12,0,6.55108,6,0,0,1,12,0,6.55108,7,0,0,1,12,0,6.65929
427,27,1,0,0,17,0,6.90575,28,1,0,0,17,0,6.90575,29,1,0,0,17,0,7.31255,30,1,0,0,17,0,7.31322
428,30,1,0,0,17,0,6.10925,31,1,0,0,17,0,6.19236,32,1,0,0,17,0,6.25383,33,1,0,0,17,0,6.25383
429,12,1,0,1,12,0,6.28227,13,1,0,1,12,0,6.54391,14,1,0,1,12,0,6.4892,15,1,0,1,12,0,6.58203
430,10,1,0,0,4,0,5.4161,11,1,0,0,4,0,5.52146,12,1,0,0,4,0,5.61677,13,1,0,0,4,0,5.94017
431,8,1,0,0,12,0,5.68017,9,1,0,0,12,0,5.81413,10,1,0,0,12,0,5.72359,11,1,0,1,12,0,6.21261
432,27,1,0,1,12,0,6.90575,28,1,0,1,12,0,6.90575,29,1,0,1,12,0,7.03878,30,1,0,1,12,0,7.10661
433,24,1,0,0,14,0,6.42162,25,1,0,0,14,0,6.42162,26,1,0,0,14,0,6.46614,27,1,0,0,14,0,6.84588
434,6,1,0,1,12,0,6.54103,7,1,0,1,12,0,6.57925,8,1,0,1,12,0,6.64118,9,1,0,1,12,0,6.74052
435,13,1,0,1,9,0,6.61338,14,1,0,1,9,0,6.6796,15,1,0,1,9,0,6.71538,16,1,0,1,9,0,6.86693
436,8,1,0,0,12,0,6.47697,9,1,0,0,12,0,6.47697,10,1,0,0,12,0,6.55108,11,1,0,0,12,0,6.53233
437,14,1,0,1,12,0,6.10032,15,1,0,1,12,0,6.22654,16,1,0,1,12,0,6.30445,17,1,0,1,12,0,6.34914
438,25,1,0,1,10,0,6.24417,26,1,0,1,10,0,6.34564,27,1,0,1,10,0,6.42162,28,1,0,1,10,0,6.51471
439,12,1,0,1,12,0,6.35437,13,1,0,1,12,0,6.45362,14,1,0,1,12,0,6.82111,15,1,0,1,12,0,6.94698
440,9,1,0,0,14,0,6.10925,10,1,0,0,14,0,6.13773,11,1,0,0,14,0,6.05209,12,1,0,0,14,0,6.16331
441,28,1,0,0,12,0,6.21461,29,1,0,0,12,0,6.21461,30,1,0,0,12,0,6.21461,31,1,0,0,12,0,6.30992
442,40,1,0,0,12,0,5.95324,41,1,0,0,12,0,6.14633,42,1,0,0,12,0,6.24998,43,1,0,0,12,0,6.30992
443,19,0,1,0,12,0,5.93225,20,0,1,0,12,0,6.06843,21,0,1,0,12,0,6.23245,22,0,1,0,12,0,6.29527
444,4,1,0,1,9,0,6.68586,5,1,0,1,9,0,6.68461,6,1,0,1,9,0,6.74524,7,1,0,1,9,0,6.95655
445,16,1,0,1,17,0,6.79122,17,1,0,1,17,0,6.90575,18,1,0,1,17,0,7.00307,19,1,0,1,17,0,7.09008
446,3,0,1,0,16,0,5.8999,4,0,1,0,16,0,5.99146,5,0,1,0,16,0,6.10256,6,0,1,0,16,0,5.8944
447,22,1,0,0,8,0,5.70378,23,1,0,0,8,0,5.78383,24,1,0,0,8,0,5.99146,25,1,0,0,8,0,5.99146
448,34,1,0,1,10,1,6.52209,35,1,0,1,10,1,6.57925,36,1,0,1,10,1,6.7093,37,1,0,1,10,1,6.7334
449,8,1,0,0,12,0,5.96615,9,1,0,0,12,0,6.08677,10,1,0,0,12,0,6.16331,11,1,0,0,12,0,6.85646
450,7,1,0,1,11,0,6.48158,8,1,0,1,11,0,6.58617,9,1,0,1,11,0,6.66058,10,1,0,1,11,0,6.76964
451,11,1,0,1,11,0,6.34212,12,1,0,1,11,0,6.5582,13,1,0,1,11,0,6.66568,14,1,0,1,11,0,6.7546
452,9,0,1,0,12,0,5.94017,10,0,1,0,12,0,5.8861,11,0,1,0,12,0,6.06379,12,0,1,0,12,0,5.90808
453,34,0,0,0,12,0,6.80239,35,0,0,0,12,0,6.83411,36,0,0,1,12,0,6.89366,37,0,0,0,12,0,6.89366
454,8,1,0,1,12,0,6.52356,9,1,0,1,12,0,6.55393,10,1,0,1,12,0,6.55393,11,1,0,1,12,0,6.78333
455,24,1,0,0,8,0,6.10925,25,1,0,0,8,0,6.20456,26,1,0,0,8,0,6.19441,27,1,0,0,8,0,6.28227
456,23,1,0,0,11,0,6.51471,24,1,0,0,11,0,6.59578,25,1,0,0,11,0,6.66568,26,1,0,0,11,0,6.59987
457,34,1,0,1,10,0,5.93754,35,1,0,1,10,0,6.0845,36,1,0,1,10,0,6.06146,37,1,0,1,10,0,6.21461
458,12,1,0,0,17,0,6.51471,13,1,0,0,17,0,6.61338,14,1,0,0,17,0,6.71538,15,1,0,0,17,0,6.81892
459,21,1,0,0,14,0,6.31716,22,1,0,0,14,0,6.6958,23,1,0,0,14,0,6.81564,24,1,0,0,14,0,6.87213
460,7,1,0,1,12,0,6.49979,8,1,0,1,12,0,6.72743,9,1,0,1,12,0,6.71538,10,0,0,1,12,0,6.77878
461,29,1,0,0,12,0,6.32794,30,1,0,0,12,0,6.44572,31,1,0,0,12,0,6.45362,32,1,0,0,12,0,6.50728
462,36,1,0,0,6,0,6.16331,37,1,0,0,6,0,6.39693,38,1,0,0,6,0,5.95584,39,1,0,0,6,0,6.07535
463,13,0,1,0,17,0,6.67834,14,0,1,0,17,0,6.68461,15,0,1,0,17,0,6.85646,16,0,1,0,17,0,6.85646
464,40,0,1,0,12,0,5.92693,41,0,1,0,12,0,5.99146,42,0,1,0,12,0,5.85793,43,0,1,0,12,0,6.07993
465,3,1,0,1,16,0,6.21461,4,1,0,1,16,0,6.38012,5,1,0,1,16,0,6.35437,6,1,0,1,16,0,6.47697
466,28,1,0,1,12,0,6.24417,29,1,0,1,12,0,6.34564,30,1,0,1,12,0,6.42162,31,1,0,1,12,0,6.51471
467,24,1,0,1,12,0,6.23441,25,1,0,1,12,0,6.31897,26,1,0,1,12,0,6.42162,27,1,0,1,12,0,6.49375
468,40,1,0,0,17,0,6.90575,41,1,0,0,17,0,6.90575,42,1,0,0,17,0,7.31322,43,1,0,0,17,0,7.31322
469,44,0,1,0,9,1,5.39363,45,0,1,0,9,1,5.43808,46,0,1,0,9,1,4.60517,47,0,1,0,9,1,5.0814
470,10,1,0,0,12,0,6.52942,11,1,0,0,12,0,6.62007,12,1,0,0,12,0,6.4599,13,1,0,0,12,0,7.00307
471,29,1,0,0,16,0,6.65286,30,1,0,0,16,0,6.73102,31,1,0,0,16,0,6.82979,32,1,0,0,16,0,6.93245
472,4,0,1,0,12,0,5.57973,5,0,1,0,12,0,5.73334,6,0,1,0,12,0,5.76832,7,0,1,0,12,0,5.86647
473,5,1,0,1,14,0,6.42162,6,1,0,1,14,0,6.37502,7,1,0,1,14,0,6.58617,8,1,0,1,14,0,6.76273
474,12,1,0,0,17,0,6.71538,13,1,0,0,17,0,6.74524,14,1,0,0,17,0,6.88244,15,1,0,0,17,0,6.98008
475,17,1,0,1,12,0,6.81344,18,1,0,1,12,0,6.88244,19,1,0,1,12,0,7.00307,20,1,0,1,12,0,7.17012
476,26,1,0,1,10,0,5.8693,27,1,0,1,10,0,5.85793,28,1,0,1,10,0,5.87774,29,1,0,0,10,0,5.85793
477,10,1,0,1,12,0,6.2804,11,1,0,1,12,0,6.44572,12,1,0,1,12,0,6.48004,13,1,0,1,12,0,6.77422
478,3,1,0,1,16,0,6.25383,4,1,0,1,16,0,6.46147,5,1,0,1,16,0,6.53669,6,1,0,1,16,0,6.62007
479,21,1,0,0,12,0,6.90575,22,1,0,0,12,0,6.90575,23,1,0,0,12,0,7.23418,24,0,0,0,12,0,7.2998
480,17,1,0,0,12,0,5.59842,18,1,0,0,12,0,6.21461,19,1,0,0,12,0,6.10925,20,1,0,1,12,0,6.2634
481,18,1,0,0,7,0,5.70378,19,1,0,0,7,0,5.72031,20,1,0,0,7,0,5.99146,21,1,0,0,7,0,6.05209
482,10,1,0,0,11,0,6.35437,11,1,0,0,11,0,6.35437,12,1,0,0,11,0,6.53669,13,1,0,0,11,0,6.60665
483,7,0,0,1,14,1,6.07535,8,0,0,1,14,1,6.35437,9,0,0,1,14,1,6.58617,10,0,0,1,14,1,6.58893
484,7,1,0,1,10,0,6.56103,8,1,0,1,10,0,6.90575,9,1,0,1,10,0,6.7334,10,1,0,1,10,0,6.8742
485,18,1,0,1,12,0,6.35611,19,1,0,1,12,0,6.49224,20,1,0,1,12,0,6.65929,21,1,0,1,12,0,6.56948
486,32,1,0,1,9,0,6.90575,33,1,0,1,9,0,6.90575,34,1,0,1,9,0,6.95655,35,1,0,1,9,0,7.02554
487,10,1,0,1,15,0,6.72743,11,1,0,1,15,0,6.80239,12,1,0,1,15,0,6.88653,13,1,0,1,15,0,6.95655
488,26,1,0,1,12,0,6.55251,27,1,0,1,12,0,6.62407,28,1,0,1,12,0,6.78672,29,1,0,1,12,0,6.83087
489,31,1,0,0,12,0,6.5903,32,1,0,0,12,0,6.62007,33,1,0,0,12,0,6.65286,34,1,0,0,12,0,6.71538
490,24,0,0,0,16,0,6.80239,25,0,0,0,16,0,6.90575,26,1,0,1,16,0,6.90776,27,1,0,0,16,0,7.01481
491,7,1,0,1,12,0,6.27288,8,1,0,1,12,0,6.46303,9,1,0,1,12,0,6.53088,10,1,0,1,12,0,6.6695
492,22,0,1,1,12,0,6.15698,23,0,1,1,12,0,6.10925,24,0,1,1,12,0,6.33683,25,0,1,1,12,0,6.35957
493,12,1,0,0,14,0,6.55108,13,1,0,0,14,0,6.62007,14,1,0,0,14,0,6.70073,15,1,0,0,14,0,6.77194
494,39,0,1,1,14,1,5.94803,40,0,1,1,14,1,6.05209,41,0,1,1,14,1,6.11589,42,0,1,1,14,1,6.18002
495,8,1,0,0,14,0,6.21461,9,1,0,0,14,0,6.30992,10,1,0,1,14,0,6.68461,11,1,0,1,14,0,6.74288
496,33,1,0,1,8,0,6.90575,34,1,0,1,8,0,6.90575,35,1,0,1,8,0,7.18463,36,1,0,1,8,0,7.28893
497,15,1,0,0,14,0,6.90575,16,1,0,0,14,0,6.90575,17,1,0,0,14,0,7.09008,18,1,0,0,14,0,7.24423
498,20,0,1,0,12,0,6.2634,21,0,1,0,12,0,6.30079,22,0,1,0,12,0,6.39693,23,0,1,0,12,0,6.39693
499,34,1,0,1,11,0,6.35957,35,1,0,1,11,0,6.45677,36,1,0,1,11,0,6.61338,37,1,0,1,11,0,6.63988
500,3,1,0,0,17,0,6.62007,4,1,0,0,17,0,6.62007,5,1,0,0,17,0,6.68461,6,1,0,0,17,0,6.88755
501,28,1,0,1,12,0,6.35957,29,1,0,1,12,0,6.45205,30,1,0,1,12,0,6.52942,31,1,0,1,12,0,6.63857
502,14,0,1,0,17,0,6.64639,15,0,1,1,17,0,6.71538,16,0,1,1,17,0,6.77422,17,0,1,1,17,0,6.95655
503,7,1,0,1,12,0,6.80239,8,1,0,1,12,0,6.90575,9,1,0,1,12,0,7.1025,10,1,0,1,12,0,7.12769
504,8,1,0,1,12,0,6.49072,9,1,0,0,12,0,6.64509,10,0,0,0,12,0,6.80239,11,0,0,0,12,0,6.73102
505,23,1,0,0,16,0,6.90575,24,1,0,0,16,0,6.90575,25,1,0,0,16,0,7.43838,26,1,0,0,16,0,7.6009
506,5,1,0,0,12,0,6.35437,6,1,0,0,12,0,6.43775,7,1,0,0,12,0,6.55108,8,1,0,0,12,0,6.68461
507,22,1,0,0,12,0,6.21461,23,1,0,0,12,0,6.30992,24,1,0,0,12,0,6.37161,25,1,0,0,12,0,6.39693
508,34,1,0,0,12,0,6.28227,35,1,0,0,12,0,6.51471,36,1,0,0,12,0,6.58617,37,1,0,0,12,0,6.71538
509,18,1,0,0,12,0,6.39526,19,1,0,0,12,0,6.49072,20,1,0,0,12,0,6.59578,21,1,0,0,12,0,6.64118
510,6,1,0,0,16,0,6.90575,7,1,0,0,16,0,6.90575,8,1,0,0,16,0,7.17012,9,1,0,0,16,0,7.27932
511,12,1,0,0,13,0,6.19441,13,1,0,0,13,0,6.2634,14,1,0,0,13,0,6.29157,15,1,0,0,13,0,6.13123
512,4,1,0,0,10,0,6.16331,5,1,0,0,10,0,6.39693,6,1,0,0,10,0,6.71538,7,1,0,0,10,0,6.58617
513,35,1,0,0,5,0,6.03787,36,1,0,0,5,0,6.1717,37,1,0,0,5,0,6.13123,38,1,0,0,5,0,6.18826
514,18,1,0,1,14,0,6.90575,19,1,0,1,14,0,6.90575,20,1,0,1,14,0,6.95655,21,1,0,1,14,0,7.09008
515,4,0,1,0,12,1,5.50126,5,0,1,0,12,1,5.50126,6,0,1,0,12,1,5.65249,7,0,1,0,12,1,5.82305
516,25,1,0,0,14,0,6.77992,26,1,0,0,14,0,6.90575,27,1,0,0,14,0,6.98472,28,1,0,0,14,0,7.08841
517,7,1,0,0,13,0,5.59842,8,1,0,0,13,0,5.59842,9,1,0,0,13,0,5.7462,10,1,0,0,13,0,5.96615
518,14,1,0,0,11,0,5.93225,15,1,0,0,11,0,5.97126,16,1,0,0,11,0,6.11368,17,1,0,0,11,0,6.25767
519,3,0,0,1,12,1,5.78383,4,0,0,1,12,1,5.99146,5,0,0,1,12,1,5.89715,6,0,0,1,12,1,5.83188
520,26,1,0,1,12,0,6.37502,27,1,0,1,12,0,6.56948,28,1,0,1,12,0,6.53669,29,1,0,1,12,0,6.64249
521,17,0,0,1,16,0,6.62007,18,0,0,0,16,0,6.80239,19,0,0,0,16,0,6.85646,20,0,0,0,16,0,6.98008
522,2,1,0,0,9,0,5.76832,3,1,0,0,9,0,5.82895,4,1,0,1,9,0,5.76832,5,1,0,1,9,0,6.59851
523,3,1,0,1,10,0,6.18208,4,1,0,1,10,0,6.2634,5,1,0,1,10,0,6.39359,6,1,0,1,10,0,6.44095
524,5,1,0,0,16,0,6.21461,6,1,0,0,16,0,6.39693,7,1,0,0,16,0,6.39693,8,1,0,0,16,0,6.56526
525,11,1,0,1,12,1,6.24611,12,1,0,1,12,1,6.3315,13,0,0,1,12,1,6.40853,14,0,0,1,12,1,6.48158
526,1,0,0,0,14,0,5.70378,2,0,0,0,14,0,5.92693,3,0,0,0,14,0,6.10925,4,0,0,0,14,0,6.04025
527,5,1,0,0,16,1,6.23441,6,1,0,0,16,1,6.39693,7,1,0,0,16,1,6.50728,8,1,0,0,16,1,6.65286
528,4,1,0,0,17,0,6.09807,5,1,0,0,17,0,6.2691,6,1,0,0,17,0,6.34036,7,1,0,0,17,0,6.48768
529,33,1,0,0,12,0,6.90575,34,1,0,0,12,0,6.90575,35,1,0,0,12,0,7.06048,36,1,0,1,12,0,7.09589
530,8,1,0,0,17,0,6.90575,9,1,0,0,17,0,6.90575,10,1,0,0,17,0,7.1293,11,1,0,0,17,0,7.17012
531,2,1,0,0,16,0,6.57647,3,1,0,0,16,0,6.77422,4,1,0,0,16,0,6.88244,5,1,0,0,16,0,7.09008
532,5,1,0,0,12,0,5.73657,6,1,0,0,12,0,5.96615,7,1,0,0,12,0,6.07535,8,1,0,0,12,0,6.15698
533,32,1,0,0,13,0,6.29157,33,1,0,0,13,0,6.39526,34,1,0,0,13,0,6.39693,35,1,0,0,13,0,6.39693
534,5,1,0,0,12,0,5.8861,6,1,0,0,12,0,5.98394,7,1,0,0,12,0,5.98394,8,1,0,0,12,0,6.19848
535,9,1,0,0,12,0,5.57973,10,1,0,0,12,0,5.66988,11,1,0,0,12,0,5.70378,12,1,0,0,12,0,5.82895
536,7,0,0,0,17,0,6.69456,8,0,0,0,17,0,6.72743,9,0,0,0,17,0,6.8533,10,0,0,0,17,0,6.89669
537,7,1,0,0,16,0,6.03787,8,1,0,0,16,0,6.55108,9,1,0,0,16,0,6.65673,10,1,0,0,16,0,6.85646
538,10,1,0,0,16,0,6.62007,11,1,0,0,16,0,6.77422,12,1,0,0,16,0,6.77422,13,1,0,0,16,0,6.90776
539,3,1,0,0,17,0,6.34564,4,1,0,0,17,0,6.44413,5,1,0,0,17,0,6.62007,6,1,0,0,17,0,6.95655
540,25,1,0,0,16,0,6.90575,26,1,0,0,16,0,6.90575,27,1,0,0,16,0,7.55799,28,1,0,0,16,0,7.6009
541,8,1,0,1,14,0,6.55536,9,1,0,1,14,0,6.55108,10,1,0,1,14,0,6.63332,11,1,0,1,14,0,6.59715
542,17,1,0,0,13,0,6.53959,18,1,0,0,13,0,6.53669,19,1,0,0,13,0,6.69084,20,1,0,0,13,0,6.84375
543,5,1,0,0,17,0,6.65929,6,1,0,0,17,0,6.69084,7,1,0,0,17,0,6.77422,8,1,0,0,17,0,6.68461
544,4,1,0,1,14,0,6.55393,5,1,0,1,14,0,6.68461,6,1,0,1,14,0,7.1107,7,1,0,0,14,0,7.17396
545,39,1,0,0,12,0,6.8977,40,1,0,0,12,0,6.90575,41,1,0,0,12,0,7.1309,42,1,0,0,12,0,7.20786
546,11,1,0,1,12,0,6.63988,12,1,0,1,12,0,6.72143,13,1,0,0,12,0,6.78897,14,1,0,1,12,0,6.9256
547,7,1,0,1,12,0,6.56667,8,1,0,1,12,0,6.77422,9,1,0,1,12,0,6.7334,10,1,0,1,12,0,6.78333
548,8,1,0,0,16,1,6.85646,9,1,0,0,16,1,6.74524,10,1,0,0,16,1,6.85646,11,1,0,0,16,1,6.90776
549,6,0,0,0,12,0,5.70378,7,0,0,0,12,0,5.99146,8,1,0,0,12,0,5.99146,9,1,0,0,12,0,5.99146
550,8,1,0,1,14,0,6.81124,9,1,0,1,14,0,6.74993,10,1,0,1,14,0,6.80239,11,1,0,1,14,0,6.88551
551,3,0,1,1,16,0,6.04025,4,0,1,1,16,0,5.8693,5,0,1,1,16,0,6.21461,6,0,1,1,16,0,6.43775
552,6,1,0,1,17,0,6.35437,7,1,0,1,17,0,6.52209,8,1,0,1,17,0,6.52649,9,1,0,1,17,0,6.67203
553,1,0,1,0,16,0,5.9135,2,0,1,0,16,0,5.8861,3,0,1,0,16,0,5.99146,4,0,1,0,16,0,6.2634
554,13,0,1,1,14,0,5.82305,14,0,1,0,14,0,5.89715,15,0,1,1,14,0,5.96358,16,0,1,1,14,0,6.02828
555,27,1,0,0,15,0,6.90575,28,1,0,0,15,0,6.90575,29,1,0,0,15,0,7.31322,30,1,0,0,15,0,7.34601
556,3,1,0,0,16,0,6.59715,4,1,0,0,16,0,6.89264,5,1,0,0,16,0,6.98749,6,1,0,0,16,0,6.98286
557,16,1,0,0,12,0,6.35957,17,1,0,0,12,0,6.42811,18,1,0,0,12,0,6.45677,19,1,0,0,12,0,6.58341
558,14,0,1,0,12,0,5.8999,15,0,1,0,12,0,6.19236,16,0,1,0,12,0,6.03309,17,0,1,0,12,0,6.34388
559,35,1,0,0,16,0,6.31897,36,1,0,0,16,0,6.38182,37,1,0,0,16,0,6.44889,38,1,0,0,16,0,6.51323
560,31,1,0,1,12,0,6.30992,32,1,0,0,12,0,6.30992,33,1,0,0,12,0,6.39693,34,1,0,1,12,0,6.39693
561,7,1,0,0,12,0,6.10925,8,1,0,0,12,0,6.07993,9,1,0,0,12,0,8.26873,10,1,0,0,12,0,6.51471
562,2,0,0,0,17,0,6.43775,3,0,0,0,17,0,6.59304,4,0,0,0,17,0,6.68461,5,1,0,0,17,0,6.85646
563,30,1,0,1,14,0,6.65673,31,1,0,1,14,0,6.74052,32,1,0,1,14,0,6.90776,33,1,0,1,14,0,6.90776
564,6,1,0,1,14,0,6.57925,7,1,0,1,14,0,6.77422,8,1,0,1,14,0,6.84268,9,1,0,1,14,0,6.95655
565,25,1,0,1,11,0,6.84268,26,1,0,0,11,0,6.90575,27,1,0,0,11,0,7.1309,28,1,0,0,11,0,7.27031
566,2,0,0,0,16,0,6.35437,3,0,0,0,16,0,6.51471,4,0,0,0,16,0,6.2634,5,0,0,0,16,0,6.68461
567,40,1,0,0,10,0,5.82895,41,1,0,0,10,0,5.82895,42,1,0,0,10,0,5.82895,43,1,0,0,10,0,5.84354
568,7,1,0,1,14,0,6.42487,8,1,0,1,14,0,6.48004,9,1,0,1,14,0,6.58064,10,1,0,1,14,0,6.68461
569,19,1,0,0,12,0,6.46614,20,1,0,0,12,0,6.62007,21,1,0,0,12,0,6.62007,22,1,0,0,12,0,6.90776
570,8,0,1,0,12,0,5.81711,9,0,1,0,12,0,5.8861,10,0,1,0,12,0,5.99894,11,0,1,0,12,0,6.06611
571,8,1,0,1,12,0,6.34564,9,1,0,1,12,0,6.47389,10,1,0,1,12,0,6.82437,11,1,0,1,12,0,6.8977
572,3,1,0,0,11,0,5.70378,4,0,0,0,11,0,5.99146,5,1,0,0,11,0,6.21461,6,1,0,0,11,0,6.44572
573,5,1,0,1,12,0,6.10925,6,1,0,1,12,0,6.21461,7,1,0,1,12,0,6.25958,8,1,0,1,12,0,6.30628
574,4,1,0,0,12,0,6.28227,5,1,0,0,12,0,6.38856,6,1,0,0,12,0,6.4552,7,1,0,0,12,0,6.66696
575,6,1,0,0,14,0,5.79606,7,1,0,0,14,0,5.98141,8,1,0,0,14,0,6.04025,9,1,0,0,14,0,6.1717
576,2,0,0,0,12,0,6.21461,3,1,0,0,12,0,6.2634,4,1,0,0,12,0,6.30992,5,1,0,0,12,0,6.47697
577,10,1,0,0,12,0,5.92693,11,1,0,0,12,0,5.99146,12,1,0,0,12,0,6.10925,13,1,0,0,12,0,6.21461
578,6,1,0,0,13,0,6.39359,7,1,0,0,13,0,6.46147,8,1,0,0,13,0,6.44889,9,1,0,0,13,0,6.63726
579,3,0,1,0,16,0,5.79606,4,0,1,0,16,0,5.92693,5,0,1,0,16,0,5.96615,6,0,1,0,16,0,6.17379
580,5,1,0,1,12,0,6.29157,6,1,0,1,12,0,6.38856,7,1,0,1,12,0,6.46147,8,1,0,1,12,0,6.57925
581,8,1,0,1,17,0,6.77422,9,1,0,1,17,0,6.77422,10,1,0,1,17,0,6.89264,11,1,0,1,17,0,6.95655
582,2,0,0,0,12,0,5.70378,3,0,0,0,12,0,6.1181,4,0,0,0,12,0,6.39693,5,0,0,0,12,0,6.72743
583,7,1,0,0,12,0,6.29342,8,1,0,0,12,0,6.51323,9,1,0,0,12,0,6.64898,10,1,0,0,12,0,6.88346
584,5,1,0,0,12,0,6.21461,6,1,0,0,12,0,6.30992,7,1,0,0,12,0,6.65286,8,1,0,0,12,0,6.53233
585,5,1,0,0,16,0,6.55108,6,1,0,0,16,0,6.58617,7,1,0,0,16,0,6.68461,8,1,0,0,16,0,6.77992
586,14,1,0,0,10,0,5.68698,15,1,0,0,10,0,5.70378,16,1,0,0,10,0,5.84354,17,1,0,0,10,0,5.99146
587,12,1,0,1,12,1,6.61874,13,1,0,1,12,1,6.70319,14,1,0,1,12,1,6.78897,15,1,0,1,12,1,6.88449
588,1,1,0,0,16,0,5.43808,2,1,0,0,16,0,5.92693,3,1,0,0,16,0,6.05209,4,1,0,0,16,0,6.10702
589,31,1,0,1,12,0,6.66696,32,1,0,1,12,0,6.73697,33,1,0,1,12,0,6.80461,34,1,0,1,12,0,6.87523
590,3,1,0,1,12,0,6.33683,4,1,0,1,12,0,6.53379,5,1,0,1,12,0,6.62007,6,1,0,1,12,0,6.59304
591,34,1,0,1,8,0,6.46459,35,1,0,1,8,0,6.47697,36,1,0,1,8,0,6.60935,37,1,0,1,8,0,6.55108
592,6,1,0,1,13,0,6.49979,7,1,0,0,13,0,6.51619,8,1,0,1,13,0,6.65157,9,1,0,1,13,0,6.76849
593,10,0,0,0,8,1,5.29832,11,0,0,0,8,1,5.4161,12,0,0,0,8,1,5.4161,13,0,0,0,8,1,5.4161
594,7,1,0,1,12,0,6.42487,8,1,0,1,12,0,6.48004,9,1,0,1,12,0,6.57368,10,1,0,1,12,0,6.69084
595,1,0,1,0,12,0,5.68698,2,0,1,0,12,0,5.85793,3,0,1,0,12,0,5.95324,4,0,1,0,12,0,6.06379
